{
    "accuracy": 0.875797373358349,
    "classification_report": {
        "0": {
            "precision": 0.9309906858594411,
            "recall": 0.9290240811153359,
            "f1-score": 0.9300063438359061,
            "support": 2367.0
        },
        "1": {
            "precision": 0.44554455445544555,
            "recall": 0.45302013422818793,
            "f1-score": 0.4492512479201331,
            "support": 298.0
        },
        "accuracy": 0.875797373358349,
        "macro avg": {
            "precision": 0.6882676201574434,
            "recall": 0.6910221076717619,
            "f1-score": 0.6896287958780196,
            "support": 2665.0
        },
        "weighted avg": {
            "precision": 0.8767081540926904,
            "recall": 0.875797373358349,
            "f1-score": 0.8762483631293769,
            "support": 2665.0
        }
    }
}