{
    "accuracy": 0.8146341463414634,
    "f1_hate": 0.4360730593607306,
    "recall_hate": 0.6409395973154363,
    "precision_hate": 0.3304498269896194,
    "classification_report": {
        "0": {
            "precision": 0.9487302347867753,
            "recall": 0.8365019011406845,
            "f1-score": 0.8890884598114055,
            "support": 2367.0
        },
        "1": {
            "precision": 0.3304498269896194,
            "recall": 0.6409395973154363,
            "f1-score": 0.4360730593607306,
            "support": 298.0
        },
        "accuracy": 0.8146341463414634,
        "macro avg": {
            "precision": 0.6395900308881973,
            "recall": 0.7387207492280603,
            "f1-score": 0.662580759586068,
            "support": 2665.0
        },
        "weighted avg": {
            "precision": 0.8795941891869433,
            "recall": 0.8146341463414634,
            "f1-score": 0.8384323287291161,
            "support": 2665.0
        }
    }
}