{
    "accuracy": 0.8097560975609757,
    "f1_hate": 0.4397790055248619,
    "recall_hate": 0.6677852348993288,
    "precision_hate": 0.32784184514003295,
    "classification_report": {
        "0": {
            "precision": 0.9518950437317785,
            "recall": 0.8276299112801014,
            "f1-score": 0.8854237288135594,
            "support": 2367.0
        },
        "1": {
            "precision": 0.32784184514003295,
            "recall": 0.6677852348993288,
            "f1-score": 0.4397790055248619,
            "support": 298.0
        },
        "accuracy": 0.8097560975609757,
        "macro avg": {
            "precision": 0.6398684444359057,
            "recall": 0.7477075730897151,
            "f1-score": 0.6626013671692106,
            "support": 2665.0
        },
        "weighted avg": {
            "precision": 0.8821134853151406,
            "recall": 0.8097560975609757,
            "f1-score": 0.8355917860218024,
            "support": 2665.0
        }
    }
}