{
    "accuracy": [
        0.6759461760520935,
        0.8465749025344849,
        0.9413512945175171,
        0.9673131108283997,
        0.9838911294937134,
        0.9846731424331665,
        0.9918673634529114
    ],
    "loss": [
        0.9220472574234009,
        0.43010517954826355,
        0.2244189977645874,
        0.12382427603006363,
        0.07449884712696075,
        0.06673823297023773,
        0.04354660212993622
    ],
    "val_accuracy": [
        0.5472170114517212,
        0.8455284833908081,
        0.8417761325836182,
        0.8442776799201965,
        0.8036272525787354,
        0.8449030518531799,
        0.8599124550819397
    ],
    "val_loss": [
        0.8805356025695801,
        0.4139879643917084,
        0.44947975873947144,
        0.48241129517555237,
        0.6836700439453125,
        0.5509209632873535,
        0.6355440616607666
    ]
}