{
    "accuracy": [
        0.8844228982925415,
        0.9175789952278137,
        0.9576165080070496,
        0.9799812436103821,
        0.9874882698059082,
        0.9921801686286926,
        0.9935877323150635
    ],
    "loss": [
        0.6489570736885071,
        0.2624066174030304,
        0.14069350063800812,
        0.08942917734384537,
        0.05492082238197327,
        0.040588852018117905,
        0.03225196897983551
    ],
    "val_accuracy": [
        0.8836773037910461,
        0.8955597281455994,
        0.8830519318580627,
        0.8905565738677979,
        0.8943089246749878,
        0.8761726021766663,
        0.8818011283874512
    ],
    "val_loss": [
        0.37028205394744873,
        0.30366525053977966,
        0.3514477610588074,
        0.3293277323246002,
        0.48082175850868225,
        0.5146023631095886,
        0.5213228464126587
    ]
}