{
    "accuracy": [
        0.717391312122345,
        0.8547075390815735,
        0.9357209801673889,
        0.9635595679283142,
        0.9771661162376404,
        0.9856114983558655,
        0.9928057789802551
    ],
    "loss": [
        0.9109422564506531,
        0.43543320894241333,
        0.22336076200008392,
        0.13620877265930176,
        0.09583627432584763,
        0.06840986013412476,
        0.046849772334098816
    ],
    "val_accuracy": [
        0.8023765087127686,
        0.8330206274986267,
        0.8317698836326599,
        0.8467792272567749,
        0.8580362796783447,
        0.8655409812927246,
        0.8574109077453613
    ],
    "val_loss": [
        0.5546757578849792,
        0.43198737502098083,
        0.5180129408836365,
        0.45204177498817444,
        0.48489758372306824,
        0.5227601528167725,
        0.5963876247406006
    ]
}