{
    "accuracy": [
        0.8841100931167603,
        0.915702223777771,
        0.9599624872207642,
        0.9740381836891174,
        0.9878010749816895,
        0.991085410118103,
        0.995151698589325
    ],
    "loss": [
        0.6622698307037354,
        0.2653530240058899,
        0.1417853981256485,
        0.08751623332500458,
        0.05537978187203407,
        0.04449719190597534,
        0.029501602053642273
    ],
    "val_accuracy": [
        0.8836773037910461,
        0.8861788511276245,
        0.8880550265312195,
        0.889305830001831,
        0.8799249529838562,
        0.8805503249168396,
        0.8649155497550964
    ],
    "val_loss": [
        0.3888978958129883,
        0.3000918924808502,
        0.36121758818626404,
        0.42564842104911804,
        0.4686983823776245,
        0.5210970640182495,
        0.5570381879806519
    ]
}